{
    "camera": {
        "fov": 60,
        "pitch": 12.199995040893555,
        "x": 6.55703592300415,
        "y": 0.7185652852058411,
        "yaw": -250.09970092773438,
        "z": 2.2519190311431885
    },
    "lights": [
        {
            "material": {
                "baseColor": {
                    "b": 1,
                    "g": 1,
                    "r": 1
                },
                "emissive": {
                    "x": 10,
                    "y": 10,
                    "z": 10
                }
            },
            "modelPath": "F:/Ray-tracing-renderer/out/build/x64-release/lights/rectlight.obj",
            "name": "rectlight",
            "transform": {
                "rotationX": 0,
                "rotationY": 0,
                "rotationZ": 0,
                "scaleX": 0.20000000298023224,
                "scaleY": 0.20000000298023224,
                "scaleZ": 0.20000000298023224,
                "translationX": -8.282007217407227,
                "translationY": 5.53298282623291,
                "translationZ": 1.859460473060608
            }
        },
        {
            "material": {
                "baseColor": {
                    "b": 1,
                    "g": 1,
                    "r": 1
                },
                "emissive": {
                    "x": 10,
                    "y": 10,
                    "z": 10
                }
            },
            "modelPath": "F:/Ray-tracing-renderer/out/build/x64-release/lights/rectlight.obj",
            "name": "rectlight01",
            "transform": {
                "rotationX": 0,
                "rotationY": 0,
                "rotationZ": 0,
                "scaleX": 0.20000000298023224,
                "scaleY": 0.20000000298023224,
                "scaleZ": 0.20000000298023224,
                "translationX": -3,
                "translationY": 5.53298282623291,
                "translationZ": 1.8595000505447388
            }
        },
        {
            "material": {
                "baseColor": {
                    "b": 1,
                    "g": 1,
                    "r": 1
                },
                "emissive": {
                    "x": 10,
                    "y": 10,
                    "z": 10
                }
            },
            "modelPath": "F:/Ray-tracing-renderer/out/build/x64-release/lights/rectlight.obj",
            "name": "rectlight02",
            "transform": {
                "rotationX": 0,
                "rotationY": 0,
                "rotationZ": 0,
                "scaleX": 0.20000000298023224,
                "scaleY": 0.20000000298023224,
                "scaleZ": 0.20000000298023224,
                "translationX": 0.5,
                "translationY": 5.53298282623291,
                "translationZ": 1.859460473060608
            }
        },
        {
            "material": {
                "baseColor": {
                    "b": 1,
                    "g": 1,
                    "r": 1
                },
                "emissive": {
                    "x": 10,
                    "y": 10,
                    "z": 10
                }
            },
            "modelPath": "F:/Ray-tracing-renderer/out/build/x64-release/lights/rectlight.obj",
            "name": "rectlight03",
            "transform": {
                "rotationX": 0,
                "rotationY": 0,
                "rotationZ": 0,
                "scaleX": 0.20000000298023224,
                "scaleY": 0.20000000298023224,
                "scaleZ": 0.20000000298023224,
                "translationX": 3,
                "translationY": 5.53298282623291,
                "translationZ": 1.859460473060608
            }
        }
    ],
    "models": [
        {
            "material": {
                "anisotropic": 0,
                "baseColor": {
                    "b": 1,
                    "g": 1,
                    "r": 1
                },
                "clearcoat": 0,
                "clearcoatGloss": 0,
                "emissive": {
                    "x": 0,
                    "y": 0,
                    "z": 0
                },
                "metallic": 0,
                "roughness": 0.5,
                "sheen": 0,
                "sheenTint": 0,
                "specular": 0,
                "specularTint": 0,
                "subsurface": 0
            },
            "modelPath": "F:/Ray-tracing-renderer/resources/model/staircase/stairscase.obj",
            "name": "stairscase",
            "transform": {
                "rotationX": 0,
                "rotationY": 0,
                "rotationZ": 0,
                "scaleX": 1,
                "scaleY": 1,
                "scaleZ": 1,
                "translationX": 0,
                "translationY": 0,
                "translationZ": 0
            }
        }
    ],
    "skybox": {
        "+x": ":/skybox/px.png",
        "+y": ":/skybox/py.png",
        "+z": ":/skybox/pz.png",
        "-x": ":/skybox/nx.png",
        "-y": ":/skybox/ny.png",
        "-z": ":/skybox/nz.png"
    }
}
