{
    "camera": {
        "pitch": -12.200005531311035,
        "x": 0.05724593997001648,
        "y": 0.8618212938308716,
        "yaw": -269.3005065917969,
        "z": -2.529324531555176
    },
    "lights": [
        {
            "material": {
                "anisotropic": 0,
                "baseColor": {
                    "b": 1,
                    "g": 1,
                    "r": 1
                },
                "clearcoat": 0,
                "clearcoatGloss": 0,
                "emissive": {
                    "x": 17,
                    "y": 12,
                    "z": 4
                },
                "metallic": 0,
                "roughness": 0,
                "sheen": 0,
                "sheenTint": 0,
                "specular": 0,
                "specularTint": 0,
                "subsurface": 0
            },
            "modelPath": "F:/Ray-tracing-renderer/out/build/x64-debug/lights/rectlight.obj",
            "name": "rectlight",
            "transform": {
                "rotationX": 0,
                "rotationY": 0,
                "rotationZ": 0,
                "scaleX": 0.009999999776482582,
                "scaleY": 0.009999999776482582,
                "scaleZ": 0.009999999776482582,
                "translationX": 0.34299999475479126,
                "translationY": 0.5477999448776245,
                "translationZ": 0.22700010240077972
            }
        }
    ],
    "models": [
        {
            "material": {
                "baseColor": {
                    "b": 0.7250000238418579,
                    "g": 0.7099999785423279,
                    "r": 0.6800000071525574
                },
                "emissive": {
                    "x": 0,
                    "y": 0,
                    "z": 0
                }
            },
            "modelPath": "F:/Ray-tracing-renderer/resources/Model/test/cbox_back.obj",
            "name": "cbox_back",
            "transform": {
                "rotationX": 0,
                "rotationY": 0,
                "rotationZ": 0,
                "scaleX": 0.009999999776482582,
                "scaleY": 0.009999999776482582,
                "scaleZ": 0.009999999776482582,
                "translationX": 0.2767006456851959,
                "translationY": 0.274399995803833,
                "translationZ": 0.5591999888420105
            }
        },
        {
            "material": {
                "baseColor": {
                    "b": 0.7250000238418579,
                    "g": 0.7099999785423279,
                    "r": 0.6800000071525574
                },
                "emissive": {
                    "x": 0,
                    "y": 0,
                    "z": 0
                }
            },
            "modelPath": "F:/Ray-tracing-renderer/resources/Model/test/cbox_ceiling.obj",
            "name": "cbox_ceiling",
            "transform": {
                "rotationX": 0,
                "rotationY": 0,
                "rotationZ": 0,
                "scaleX": 0.009999999776482582,
                "scaleY": 0.009999999776482582,
                "scaleZ": 0.009999999776482582,
                "translationX": 0.27799999713897705,
                "translationY": 0.548799991607666,
                "translationZ": 0.2795499861240387
            }
        },
        {
            "material": {
                "baseColor": {
                    "b": 0.7250000238418579,
                    "g": 0.7099999785423279,
                    "r": 0.6800000071525574
                },
                "emissive": {
                    "x": 0,
                    "y": 0,
                    "z": 0
                }
            },
            "modelPath": "F:/Ray-tracing-renderer/resources/Model/test/cbox_floor.obj",
            "name": "cbox_floor",
            "transform": {
                "rotationX": 0,
                "rotationY": 0,
                "rotationZ": 0,
                "scaleX": 0.009999999776482582,
                "scaleY": 0.009999999776482582,
                "scaleZ": 0.009999999776482582,
                "translationX": 0.27559998631477356,
                "translationY": 0,
                "translationZ": 0.27959999442100525
            }
        },
        {
            "material": {
                "baseColor": {
                    "b": 0.14000000059604645,
                    "g": 0.44999998807907104,
                    "r": 0.09099999815225601
                },
                "emissive": {
                    "x": 0,
                    "y": 0,
                    "z": 0
                }
            },
            "modelPath": "F:/Ray-tracing-renderer/resources/Model/test/cbox_greenwall.obj",
            "name": "cbox_greenwall",
            "transform": {
                "rotationX": 0,
                "rotationY": 0,
                "rotationZ": 0,
                "scaleX": 0.009999999776482582,
                "scaleY": 0.009999999776482582,
                "scaleZ": 0.009999999776482582,
                "translationX": -0.0029946565628051758,
                "translationY": 0.274399995803833,
                "translationZ": 0.27959999442100525
            }
        },
        {
            "material": {
                "baseColor": {
                    "b": 0.7250000238418579,
                    "g": 0.7099999785423279,
                    "r": 0.6800000071525574
                },
                "emissive": {
                    "x": 0,
                    "y": 0,
                    "z": 0
                }
            },
            "modelPath": "F:/Ray-tracing-renderer//resources/Model/test/cbox_largebox.obj",
            "name": "cbox_largebox",
            "transform": {
                "rotationX": 0,
                "rotationY": 0,
                "rotationZ": 0,
                "scaleX": 0.009999999776482582,
                "scaleY": 0.009999999776482582,
                "scaleZ": 0.009999999776482582,
                "translationX": 0.3684999942779541,
                "translationY": 0.16599999368190765,
                "translationZ": 0.3512499928474426
            }
        },
        {
            "material": {
                "baseColor": {
                    "b": 0.6299999952316284,
                    "g": 0.06499999761581421,
                    "r": 0.05000000074505806
                },
                "emissive": {
                    "x": 0,
                    "y": 0,
                    "z": 0
                }
            },
            "modelPath": "F:/Ray-tracing-renderer//resources/Model/test/cbox_redwall.obj",
            "name": "cbox_redwall",
            "transform": {
                "rotationX": 0,
                "rotationY": 0,
                "rotationZ": 0,
                "scaleX": 0.009999999776482582,
                "scaleY": 0.009999999776482582,
                "scaleZ": 0.009999999776482582,
                "translationX": 0.5508414506912231,
                "translationY": 0.274399995803833,
                "translationZ": 0.27554601430892944
            }
        },
        {
            "material": {
                "baseColor": {
                    "b": 0.7250000238418579,
                    "g": 0.7099999785423279,
                    "r": 0.6800000071525574
                },
                "emissive": {
                    "x": 0,
                    "y": 0,
                    "z": 0
                }
            },
            "modelPath": "F:/Ray-tracing-renderer//resources/Model/test/cbox_smallbox.obj",
            "name": "cbox_smallbox",
            "transform": {
                "rotationX": 0,
                "rotationY": 0,
                "rotationZ": 0,
                "scaleX": 0.009999999776482582,
                "scaleY": 0.009999999776482582,
                "scaleZ": 0.009999999776482582,
                "translationX": 0.18549999594688416,
                "translationY": 0.08349999785423279,